Link Name,Center of Mass X,Center of Mass Y,Center of Mass Z,Center of Mass Roll,Center of Mass Pitch,Center of Mass Yaw,Mass,Moment Ixx,Moment Ixy,Moment Ixz,Moment Iyy,Moment Iyz,Moment Izz,Visual X,Visual Y,Visual Z,Visual Roll,Visual Pitch,Visual Yaw,Mesh Filename,Color Red,Color Green,Color Blue,Color Alpha,Collision X,Collision Y,Collision Z,Collision Roll,Collision Pitch,Collision Yaw,Collision Mesh Filename,Material Name,SW Components,Coordinate System,Axis Name,Joint Name,Joint Type,Joint Origin X,Joint Origin Y,Joint Origin Z,Joint Origin Roll,Joint Origin Pitch,Joint Origin Yaw,Parent,Joint Axis X,Joint Axis Y,Joint Axis Z,Limit Effort,Limit Velocity,Limit Lower,Limit Upper,Calibration rising,Calibration falling,Dynamics Damping,Dynamics Friction,Safety Soft Upper,Safety Soft Lower,Safety K Position,Safety K Velocity
base_link,-3.47836680837377E-05,-7.29922213694167E-05,0.135451460658676,0,0,0,7.39043203999695,0.0239210692276961,-2.58135743405477E-06,1.79160764000028E-05,0.0232756302136806,8.0104408167098E-06,0.00535812822154743,0,0,0,0,0,0,meshes/base_link.STL,0.647058823529412,0.619607843137255,0.588235294117647,1,0,0,0,0,0,0,meshes/base_link.STL,,手掌装配V1.6 - L-1/LHL30-1.4-020.00 手臂总成-1/LHL30-1.4-020.00 手臂总成(2)-1/V1.4 装配体2-1/LHL30-1.4R-020.04 手臂舵机安装骨架R-1;手掌装配V1.6 - L-1/LHL30-1.4-020.00 手臂总成-1/LHL30-1.4-020.00 手臂总成(2)-1/LHL30-1.4-020.03 手臂外壳-全封闭-1;手掌装配V1.6 - L-1/LHL30-1.4-020.00 手臂总成-1/LHL30-1.4-020.00 手臂总成(2)-1/LHL30-1.4-020.03 手臂外壳-全封闭-2;手掌装配V1.6 - L-1/LHL30-1.4-020.00 手臂总成-1/LHL30-1.4-020.00 手臂总成(2)-1/LHL30-1.4-020.08 手臂骨架底部封板-1;手掌装配V1.6 - L-1/LHL30-1.4-020.00 手臂总成-1/LHL30-1.4-020.00 手臂总成(2)-1/V1.4 装配体1-1/LHL30-1.4R-020.01 手臂前端穿线盘-2-1;手掌装配V1.6 - L-1/LHL30-1.4-020.00 手臂总成-1/LHL30-1.4-020.00 手臂总成(2)-1/V1.4 装配体1-1/LHL30-1.4-020.02 手腕轴承护板-1;手掌装配V1.6 - L-1/LHL30-1.4-020.00 手臂总成-1/LHL30-1.4-020.00 手臂总成(2)-1/V1.4 装配体1-1/LHL30-1.4-020.02 手腕轴承护板-2,base_link.zb,,,,0,0,0,0,0,0,,0,0,0,,,,,,,,,,,,
wrist_carpal_link0,0.0151646449351294,-0.0563950279969165,0.0553213073411567,0,0,0,1.6332557071612,0.00196999718494365,-2.7810891594582E-10,-8.40593275589179E-05,0.00129922860114994,-1.00311203390627E-05,0.000961217448072682,0,0,0,0,0,0,meshes/wrist_carpal_link0.STL,0.647058823529412,0.619607843137255,0.588235294117647,1,0,0,0,0,0,0,meshes/wrist_carpal_link0.STL,,手掌装配V1.6 - L-1/3.2-_X2_624B638C524D58F3_X0_L-1;手掌装配V1.6 - L-1/Document-L-1,wrist_pitch.zb,wrist_pitch,wrist_pitch,revolute,0,-0.000350000000000003,0.2695,0,0,0,base_link,0,-1,0,1,1,-1.05,1.05,,,,,,,,
pinky_metacarpals,0.000881515371553898,-1.7449077543974E-07,0.00931305311202565,0,0,0,0.0217912001053856,1.7386117286323E-06,-6.56802707382255E-11,1.57441575083096E-07,1.5682151277077E-06,6.65954379794535E-11,1.11832522042812E-06,0,0,0,0,0,0,meshes/pinky_metacarpals.STL,0.647058823529412,0.619607843137255,0.588235294117647,1,0,0,0,0,0,0,meshes/pinky_metacarpals.STL,,手掌装配V1.6 - L-1/LHL30-1.5-010.020 四指组件(加大力矩)-1/LHL30-1.5-010.020.04 2-4正交关节-1,pinky_mcp_roll.zb,pinky_mcp_roll,pinky_mcp_roll,revolute,0.00127526976334769,0.0297067497044251,0.0847694802602999,0,0,-0.174532925199294,wrist_carpal_link0,-1,0,0,1,1,-0.26,0.26,,,,,,,,
pinky_proximal,-0.000572974930841852,6.72723340390188E-06,0.0148055389180647,0,0,0,0.0467095115507565,7.45503799361386E-06,-3.50877194283065E-09,-2.33435743673688E-07,7.41158245352845E-06,-5.52694669550887E-09,1.7651892376644E-06,0,0,0,0,0,0,meshes/pinky_proximal.STL,0.647058823529412,0.619607843137255,0.588235294117647,1,0,0,0,0,0,0,meshes/pinky_proximal.STL,,手掌装配V1.6 - L-1/LHL30-1.5-010.020 四指组件(加大力矩)-1/LHL30-1.5-010.020.03 2-3四指关节-1;手掌装配V1.6 - L-1/LHL30-1.5-010.020 四指组件(加大力矩)-1/LHL30-1.5-010.020.03 2-3四指关节橡胶-1,pinky_mcp_pitch.zb,pinky_mcp_pitch,pinky_mcp_pitch,revolute,0.002,0,0.016,0,0,0,pinky_metacarpals,0,1,0,1,1,0,1.57,,,,,,,,
pinky_middle,-0.000696667976214593,7.65441051462853E-06,0.0119175907693834,0,0,0,0.0385526474415706,4.1238569273563E-06,-1.87431703651689E-09,-1.45581732437678E-07,4.03441534957178E-06,-4.18078691295654E-09,1.20955269737506E-06,0,0,0,0,0,0,meshes/pinky_middle.STL,0.647058823529412,0.619607843137255,0.588235294117647,1,0,0,0,0,0,0,meshes/pinky_middle.STL,,手掌装配V1.6 - L-1/LHL30-1.5-010.020 四指组件(加大力矩)-1/LHL30-1.5-010.020.02 2-2四指关节-1;手掌装配V1.6 - L-1/LHL30-1.5-010.020 四指组件(加大力矩)-1/LHL30-1.5-010.020.08 2-2四指关节橡胶-1,pinky_pip.zb,ring_pip,pinky_pip,revolute,0,0,0.037478,0,0,0,pinky_proximal,-0.10453,0.99452,0,1,1,0,1.57,,,,,,,,
pinky_distal,-0.00179031680949637,9.09084048359918E-06,0.0106275014464014,0,0,0,0.0266705728837951,1.45783655154571E-06,8.01522948128695E-10,-3.21549004869667E-07,1.44000225684697E-06,-1.73658630494249E-09,6.1563941444205E-07,0,0,0,0,0,0,meshes/pinky_distal.STL,0.647058823529412,0.619607843137255,0.588235294117647,1,0,0,0,0,0,0,meshes/pinky_distal.STL,,手掌装配V1.6 - L-1/LHL30-1.5-010.020 四指组件(加大力矩)-1/LHL30-1.5-010.020.01 2-1四指指尖-1;手掌装配V1.6 - L-1/LHL30-1.5-010.020 四指组件(加大力矩)-1/LHL30-1.5-010.020.09 2-1四指指尖橡胶-1,pinky_dipl.zb,pinky_dip,pinky_dip,revolute,0,0,0.029233,0,0,0,pinky_middle,0,1,0,1,1,0,1.57,,,,,,,,
ring_metacarpals,0.000881493706173964,-1.93784088581284E-07,0.00931305915912733,0,0,0,0.021791245539245,1.73861533113208E-06,-6.18780568747866E-11,1.57439810508944E-07,1.56821769490398E-06,6.57013977450597E-11,1.11832824846086E-06,0,0,0,0,0,0,meshes/ring_metacarpals.STL,0.647058823529412,0.619607843137255,0.588235294117647,1,0,0,0,0,0,0,meshes/ring_metacarpals.STL,,手掌装配V1.6 - L-1/LHL30-1.5-010.020 四指组件(加大力矩)-3/LHL30-1.5-010.020.04 2-4正交关节-1,ring_mcp_roll.zb,ring_mcp_roll,ring_mcp_roll,revolute,-0.00272430692767289,0.00970094388229978,0.0918030187439984,0,0,-0.0698131700798272,wrist_carpal_link0,1,0,0,1,1,-0.26,0.26,,,,,,,,
ring_proximal,-0.000572969271011914,6.74120597560224E-06,0.0148055880287357,0,0,0,0.0467096984235083,7.45507281224641E-06,-3.50498646509994E-09,-2.33443759296483E-07,7.41159877033025E-06,-5.52885624647032E-09,1.76518161194032E-06,0,0,0,0,0,0,meshes/ring_proximal.STL,0.647058823529412,0.619607843137255,0.588235294117647,1,0,0,0,0,0,0,meshes/ring_proximal.STL,,手掌装配V1.6 - L-1/LHL30-1.5-010.020 四指组件(加大力矩)-3/LHL30-1.5-010.020.03 2-3四指关节橡胶-1;手掌装配V1.6 - L-1/LHL30-1.5-010.020 四指组件(加大力矩)-3/LHL30-1.5-010.020.03 2-3四指关节-1,ring_mcp_pitch.zb,ring_mcp_pitch,ring_mcp_pitch,revolute,0.002,0,0.016,0,0,0,ring_metacarpals,0,1,0,1,1,0,1.57,,,,,,,,
ring_middle,-0.000696669740149369,7.66098173778096E-06,0.0119175842155672,0,0,0,0.0385526559517599,4.12385634427766E-06,-1.87460265298593E-09,-1.45581387098401E-07,4.03441593823555E-06,-4.18191745961323E-09,1.20955291772208E-06,0,0,0,0,0,0,meshes/ring_middle.STL,0.647058823529412,0.619607843137255,0.588235294117647,1,0,0,0,0,0,0,meshes/ring_middle.STL,,手掌装配V1.6 - L-1/LHL30-1.5-010.020 四指组件(加大力矩)-3/LHL30-1.5-010.020.02 2-2四指关节-1;手掌装配V1.6 - L-1/LHL30-1.5-010.020 四指组件(加大力矩)-3/LHL30-1.5-010.020.08 2-2四指关节橡胶-1,ring_pip.zb,ring_pip,ring_pip,revolute,0,0,0.037478,0,0,0,ring_proximal,0,1,0,1,1,0,1.57,,,,,,,,
ring_distal,-0.00179023910571241,9.15163753179016E-06,0.0106273366031392,0,0,0,0.0266700747388928,1.45775832241755E-06,7.97293289644918E-10,-3.21532594291881E-07,1.43992944543708E-06,-1.72118660915731E-09,6.15626716074496E-07,0,0,0,0,0,0,meshes/ring_distal.STL,0.647058823529412,0.619607843137255,0.588235294117647,1,0,0,0,0,0,0,meshes/ring_distal.STL,,手掌装配V1.6 - L-1/LHL30-1.5-010.020 四指组件(加大力矩)-3/LHL30-1.5-010.020.01 2-1四指指尖-1;手掌装配V1.6 - L-1/LHL30-1.5-010.020 四指组件(加大力矩)-3/LHL30-1.5-010.020.09 2-1四指指尖橡胶-1,ring_dip.zb,ring_dip,ring_dip,revolute,0,0,0.029233,0,0,0,ring_middle,0,-1,0,1,1,0,1.57,,,,,,,,
middle_metacarpals,0.000881485307025143,-2.23079795427794E-07,0.00931306456347963,0,0,0,0.0217913104552369,1.73862100780664E-06,-5.88610610416097E-11,1.57438391911083E-07,1.56821840910689E-06,6.4212010912896E-11,1.11833133675451E-06,0,0,0,0,0,0,meshes/middle_metacarpals.STL,0.647058823529412,0.619607843137255,0.588235294117647,1,0,0,0,0,0,0,meshes/middle_metacarpals.STL,,手掌装配V1.6 - L-1/LHL30-1.5-010.020 四指组件(加大力矩)-2/LHL30-1.5-010.020.04 2-4正交关节-1,middle_mcp_roll.zb,middle_mcp_roll,middle_mcp_roll,revolute,-0.00372335592975281,-0.0103023070827687,0.0958144000822872,0,0,0,wrist_carpal_link0,-1,0,0,1,1,-0.26,0.26,,,,,,,,
middle_proximal,-0.000572887148994505,6.73893164619688E-06,0.0148055883313535,0,0,0,0.0467089860035124,7.45503494009858E-06,-3.49398853005808E-09,-2.33447491197512E-07,7.41155915807549E-06,-5.5253806220203E-09,1.76512536410216E-06,0,0,0,0,0,0,meshes/middle_proximal.STL,0.647058823529412,0.619607843137255,0.588235294117647,1,0,0,0,0,0,0,meshes/middle_proximal.STL,,手掌装配V1.6 - L-1/LHL30-1.5-010.020 四指组件(加大力矩)-2/LHL30-1.5-010.020.03 2-3四指关节-1;手掌装配V1.6 - L-1/LHL30-1.5-010.020 四指组件(加大力矩)-2/LHL30-1.5-010.020.03 2-3四指关节橡胶-1,middle_mcp_pitch.zb,middle_mcp_pitch,middle_mcp_pitch,revolute,0.002,0,0.016,0,0,0,middle_metacarpals,0,1,0,1,1,0,1.57,,,,,,,,
middle_middle,-0.000696708466181084,7.6145250245685E-06,0.0119175484838614,0,0,0,0.0385529296659129,4.12388554748403E-06,-1.86304179141692E-09,-1.45570573196281E-07,4.03443409765518E-06,-4.17697275266553E-09,1.20956610260171E-06,0,0,0,0,0,0,meshes/middle_middle.STL,0.647058823529412,0.619607843137255,0.588235294117647,1,0,0,0,0,0,0,meshes/middle_middle.STL,,手掌装配V1.6 - L-1/LHL30-1.5-010.020 四指组件(加大力矩)-2/LHL30-1.5-010.020.02 2-2四指关节-1;手掌装配V1.6 - L-1/LHL30-1.5-010.020 四指组件(加大力矩)-2/LHL30-1.5-010.020.08 2-2四指关节橡胶-1,middle_pip.zb,middle_pip,middle_pip,revolute,0,0,0.037478,0,0,0,middle_proximal,0,1,0,1,1,0,1.57,,,,,,,,
middle_distal,-0.00179024604041456,9.15609869728273E-06,0.0106273294894735,0,0,0,0.02667008934833,1.45775588093744E-06,7.96669414384411E-10,-3.21531811510791E-07,1.43992715371492E-06,-1.71990861155888E-09,6.15627262641948E-07,0,0,0,0,0,0,meshes/middle_distal.STL,0.647058823529412,0.619607843137255,0.588235294117647,1,0,0,0,0,0,0,meshes/middle_distal.STL,,手掌装配V1.6 - L-1/LHL30-1.5-010.020 四指组件(加大力矩)-2/LHL30-1.5-010.020.09 2-1四指指尖橡胶-1;手掌装配V1.6 - L-1/LHL30-1.5-010.020 四指组件(加大力矩)-2/LHL30-1.5-010.020.01 2-1四指指尖-1,middle_dip.zb,middle_dip,middle_dip,revolute,0,0,0.029233,0,0,0,middle_middle,0,1,0,1,1,0,1.57,,,,,,,,
index_metacarpals,0.000881506425229661,-2.21030791155985E-07,0.0093130662979668,0,0,0,0.0217912659720712,1.73862189786571E-06,-6.04042807812385E-11,1.57439140814376E-07,1.5682151596209E-06,6.30718404656404E-11,1.11832944571504E-06,0,0,0,0,0,0,meshes/index_metacarpals.STL,0.647058823529412,0.619607843137255,0.588235294117647,1,0,0,0,0,0,0,meshes/index_metacarpals.STL,,手掌装配V1.6 - L-1/LHL30-1.5-010.020 四指组件(加大力矩)-4/LHL30-1.5-010.020.04 2-4正交关节-1,index_mcp_roll.zb,index_mcp_roll,index_mcp_roll,revolute,-0.00172342533477621,-0.0302844636757715,0.0918029921234,0,0,0.069813170079819,wrist_carpal_link0,-1,0,0,1,1,-0.26,0.26,,,,,,,,
index_proximal,-0.00057288520147325,6.74325060665004E-06,0.0148055789724109,0,0,0,0.0467089662586773,7.45502466062377E-06,-3.49454752520831E-09,-2.33445833672686E-07,7.41154966856047E-06,-5.52252704019691E-09,1.76512436020913E-06,0,0,0,0,0,0,meshes/index_proximal.STL,0.647058823529412,0.619607843137255,0.588235294117647,1,0,0,0,0,0,0,meshes/index_proximal.STL,,手掌装配V1.6 - L-1/LHL30-1.5-010.020 四指组件(加大力矩)-4/LHL30-1.5-010.020.03 2-3四指关节-1;手掌装配V1.6 - L-1/LHL30-1.5-010.020 四指组件(加大力矩)-4/LHL30-1.5-010.020.03 2-3四指关节橡胶-1,index_mcp_pitch.zb,index_mcp_pitch,index_mcp_pitch,revolute,0.002,0,0.016,0,0,0,index_metacarpals,0,1,0,1,1,0,1.57,,,,,,,,
index_middle,-0.000696696374158035,7.64909363312749E-06,0.0119175832857049,0,0,0,0.0385525092368291,4.12385170386838E-06,-1.87437659087823E-09,-1.45581397564195E-07,4.03441565204361E-06,-4.18089968480485E-09,1.20955010628187E-06,0,0,0,0,0,0,meshes/index_middle.STL,0.647058823529412,0.619607843137255,0.588235294117647,1,0,0,0,0,0,0,meshes/index_middle.STL,,手掌装配V1.6 - L-1/LHL30-1.5-010.020 四指组件(加大力矩)-4/LHL30-1.5-010.020.02 2-2四指关节-1;手掌装配V1.6 - L-1/LHL30-1.5-010.020 四指组件(加大力矩)-4/LHL30-1.5-010.020.08 2-2四指关节橡胶-1,index_pip.zb,index_pip,index_pip,revolute,0,0,0.037478,0,0,0,index_proximal,0,1,0,1,1,0,1.57,,,,,,,,
index_distal,-0.00179024220789648,9.14871800450356E-06,0.0106273383454132,0,0,0,0.0266700733967481,1.45775715323097E-06,7.9716151503424E-10,-3.21532128181852E-07,1.43992867341352E-06,-1.72036689626929E-09,6.15626140263271E-07,0,0,0,0,0,0,meshes/index_distal.STL,0.647058823529412,0.619607843137255,0.588235294117647,1,0,0,0,0,0,0,meshes/index_distal.STL,,手掌装配V1.6 - L-1/LHL30-1.5-010.020 四指组件(加大力矩)-4/LHL30-1.5-010.020.09 2-1四指指尖橡胶-1;手掌装配V1.6 - L-1/LHL30-1.5-010.020 四指组件(加大力矩)-4/LHL30-1.5-010.020.01 2-1四指指尖-1,index_dip.zb,index_dip,index_dip,revolute,0,0,0.029233,0,0,0,index_middle,0,1,0,1,1,0,1.57,,,,,,,,
thumb_metacarpals_base1,5.52023941588486E-05,-0.000245105712613158,0.0013417539530477,0,0,0,0.0223161306769257,1.97946440956675E-06,2.8062516392309E-09,-4.51058176473272E-08,1.71764970582516E-06,7.22009284552392E-08,3.07589558486793E-06,0,0,0,0,0,0,meshes/thumb_metacarpals_base1.STL,0.647058823529412,0.619607843137255,0.588235294117647,1,0,0,0,0,0,0,meshes/thumb_metacarpals_base1.STL,,手掌装配V1.6 - L-1/LHL30-1.9-010R.010.04 1-4正交关节-1,thumb_cmc_yaw.zb,thumb_cmc_yaw,thumb_cmc_yaw,revolute,0.0139182982970583,-0.0317237896360267,0.059539404486995,1.70924814580769,-0.482528529971957,0.684152446206412,wrist_carpal_link0,0,0.999888678116475,0.0149208369231658,1,1,0,1.57,,,,,,,,
thumb_metacarpals_base2,-0.00671921945352816,-0.0063463938989059,-0.00028017770303429,0,0,0,0.0223161306769257,1.71625190321735E-06,-5.19035429143166E-08,1.08949934928813E-08,3.07959992565099E-06,-2.16499508944414E-09,1.97715787139151E-06,0,0,0,0,0,0,meshes/thumb_metacarpals_base2.STL,0.647058823529412,0.619607843137255,0.588235294117647,1,0,0,0,0,0,0,meshes/thumb_metacarpals_base2.STL,,手掌装配V1.6 - L-1/LHL30-1.9-010R.010.04 1-4正交关节-1,thumb_cmc_roll.zb,thumb_cmc_roll,thumb_cmc_roll,revolute,-0.000204992805315329,0.00657381786558708,-0.00489825444621378,-1.52920068131208,-0.0132003974202065,1.5291542683985,thumb_metacarpals_base1,0,1,0,1,1,0,0,,,,,,,,
thumb_metacarpals,7.82051039574516E-05,0.000339540176319042,0.0161010997788414,0,0,0,0.0642803074774917,7.83374604747731E-06,-1.18733337041372E-07,-6.25473294127707E-08,8.09675525895713E-06,-2.55980829677358E-07,4.85071635141704E-06,0,0,0,0,0,0,meshes/thumb_metacarpals.STL,0.647058823529412,0.619607843137255,0.588235294117647,1,0,0,0,0,0,0,meshes/thumb_metacarpals.STL,,手掌装配V1.6 - L-1/LHL30-1.9-010R.010 拇指组件-1/LHL30-1.9-010R.010.03 1-3拇指斜交关节-1,thumb_cmc_pitch.zb,thumb_cmc_pitch,thumb_cmc_pitch,revolute,-0.00651240416966281,-0.0120000000000001,0.000162020580340982,-1.52916815241686,0.0416688377139531,-3.12664573325898,thumb_metacarpals_base2,0,0.999159392793678,-0.0409939970260148,1,1,-0.39,0.39,,,,,,,,
thumb_proximal,-0.000667946101617245,-1.65131951582465E-05,0.0151110029654188,0,0,0,0.076004439827789,1.4807262886108E-05,3.35510286026828E-09,-4.80580020230322E-07,1.43993117725458E-05,7.60881355984411E-09,4.26447521188978E-06,0,0,0,0,0,0,meshes/thumb_proximal.STL,0.647058823529412,0.619607843137255,0.588235294117647,1,0,0,0,0,0,0,meshes/thumb_proximal.STL,,手掌装配V1.6 - L-1/LHL30-1.9-010R.010 拇指组件-1/LHL30-1.5-010R.010.02 1-2拇指中关节（加大力矩）-1;手掌装配V1.6 - L-1/LHL30-1.9-010R.010 拇指组件-1/LHL30-1.5-010R.010.08 1-2拇指中关节橡胶-1,thumb_mcp.zb,thumb_mcp,thumb_mcp,revolute,0.00062342,0.0017112,0.032405,0,0,1.2214,thumb_metacarpals,0,1,0,1,1,0,1.57,,,,,,,,
thumb_distal,-0.00245661391102703,5.02115591562713E-05,0.0135588580110463,0,0,0,0.0618239055704642,5.6984996604674E-06,1.54313361675395E-09,-1.29875083344924E-06,5.69490789999977E-06,-1.98544835753769E-08,2.49533668350993E-06,0,0,0,0,0,0,meshes/thumb_distal.STL,0.647058823529412,0.619607843137255,0.588235294117647,1,0,0,0,0,0,0,meshes/thumb_distal.STL,,手掌装配V1.6 - L-1/LHL30-1.9-010R.010 拇指组件-1/LHL30-1.5-010R.010.09 1-1拇指指尖关节橡胶-1;手掌装配V1.6 - L-1/LHL30-1.9-010R.010 拇指组件-1/LHL30-1.5-010R.010.01 1-1拇指指尖关节-1,thumb_ip.zb,thumb_ip,thumb_dip,revolute,0,0,0.038003,0,0,0,thumb_proximal,0,1,0,1,1,0,1.57,,,,,,,,
